{
  "principalPoint": {
    "x": 0,
    "y": 0
  },
  "viewTransform": {
    "rows": [
      [
        0.9961901362703457,
        -0.021447013985731195,
        -0.0845295095736724,
        0.2294667346772797
      ],
      [
        0.04098807683283391,
        0.9707031074958179,
        0.23676033167637717,
        -3.9284753316555547
      ],
      [
        0.07697525547353372,
        -0.2393230091091499,
        0.9678839327913891,
        -10
      ],
      [
        0,
        0,
        0,
        1
      ]
    ]
  },
  "cameraTransform": {
    "rows": [
      [
        0.9961901362703459,
        0.04098807683283342,
        0.07697525547353168,
        0.702180705777435
      ],
      [
        -0.0214470139857312,
        0.9707031074958181,
        -0.23932300910914994,
        1.425074497335096
      ],
      [
        -0.08452950957367451,
        0.23676033167637717,
        0.9678839327913891,
        10.628343160964867
      ],
      [
        0,
        0,
        0,
        1
      ]
    ]
  },
  "horizontalFieldOfView": 1.3479269007279653,
  "verticalFieldOfView": 0.9785913890697642,
  "vanishingPoints": [
    {
      "x": 0.10934209911279602,
      "y": -0.30625839168715513
    },
    {
      "x": -16.202925553744407,
      "y": -0.6666666666666666
    },
    {
      "x": -0.11219789745752792,
      "y": 5.07813571572147
    }
  ],
  "vanishingPointAxes": [
    "zNegative",
    "xNegative",
    "yPositive"
  ],
  "relativeFocalLength": 1.2519942614445365,
  "imageWidth": 2304,
  "imageHeight": 1536
}